{
  "method": "oracle_mlp",
  "seed": 777,
  "known_rate": 0.272376127926373,
  "known_outage": 0.018333333333333333,
  "known_fairness": 0.04959394892787426,
  "novel_rate": 0.0,
  "novel_outage": 0.0,
  "novel_fairness": 0.0,
  "known_avg_fairness": 0.053045865585504254,
  "novel_avg_fairness": 0.0,
  "known_recovery": [],
  "novel_recovery": [],
  "mdp_switches": 7,
  "train_time_s": 1217.898422241211,
  "novel_rate_trajectory": [
    0.0,
    0.0,
    0.0
  ]
}