{
  "mean_sum_rate_mbps": 2.791702147198034,
  "std_sum_rate_mbps": 3.8770850703511277,
  "mean_outage_count": 9.967,
  "eval_time_s": 1.410416841506958
}