{
  "mean_reward": -22342.952429235957,
  "mean_sum_rate_mbps": 164.2606892691009,
  "mean_outage_count": 7.226666666666667,
  "std_sum_rate_mbps": 34.16530751140284,
  "train_time_s": 931.2804954051971,
  "seed": 456,
  "mdp_switches": 0,
  "llm_stats": {
    "call_count": 0,
    "total_latency_s": 0.0,
    "avg_latency_s": 0.0
  },
  "method": "two_timescale_full"
}